username,password,firstname,lastname,email,course1,type1,enrolstatus1,course2,type2,enrolstatus2,course3,type3
JessicaAlmagro,,Jessica,Almagro,jessicaalmagro@newnormallife.com,MktDig,3,,Provideo,3,,Disvideo,3
AsierCarmona,,Asier,Carmona,asiercarmona@newnormallife.com,MktDig,2,,Provideo,2,,Disvideo,2
BorjaCampos,,Borja,Campos,borjacampos@newnormallife.com,MktDig,2,,Provideo,2,,Disvideo,2
CarlotaMolinero,,Carlota,Molinero,carlotamolinero@newnormallife.com,MktDig,2,,Provideo,2,,Disvideo,2
LaureanoMayoral,,Laureano,Mayoral,laureanomayoral@newnormallife.com,MktDig,1,1,,,,,
BilalCastilla,,Bilal,Castilla,bilalcastilla@newnormallife.com,MktDig,1,,,,,,
MinervaFerrando,,Minerva,Ferrando,minervaferrando@newnormallife.com,MktDig,1,,,,,,
TeodoraCatalan,,Teodora,Catalan,teodoracatalan@newnormallife.com,MktDig,1,,,,,,
AsuncionPrat,,Asuncion,Prat,asuncionprat@newnormallife.com,MktDig,1,,,,,,
ArianaGonzalez,,Ariana,Gonz치lex,arianagonzalez@newnormallife.com,MktDig,1,,,,,,
EvaristoCalero,,Evaristo,Calero,evaristocalero@newnormallife.com,MktDig,1,,Provideo,1,,,
AdrianaMacias,,Adriana,Macias,adrianamacias@newnormallife.com,MktDig,1,,Provideo,1,,,
BorjaOca침a,,Borja,Oca침a,borjaoca침a@newnormallife.com,MktDig,1,,Provideo,1,1,,
LourdesGuzman,,Lourdes,Guzman,lourdesguzman@newnormallife.com,,,,Provideo,1,,,
JonathanBartolome,,Jonathan,Bartolome,jonaathanbartolome@newnormallife.com,,,,Provideo,1,,,
LorenzoGutierrez,,Lorenzo,Gutierrez,lorenzogutierrez@newnormallife.com,,,,Provideo,1,,,
AndreaGarces,,Andrea,Garces,andreagarces@newnormallife.com,,,,Provideo,1,,,
IciarJara,,Iciar,Jara,iciarjara@newnormallife.com,,,,Provideo,1,,,
AliciaAlves,,Alicia,Alves,aliciaalves@newnormallife.com,,,,Provideo,1,,,
MartaPla,,Marta,Pla,martapla@newnormallife.com,,,,Provideo,1,,,
DeboraPerez,,Debora,Perez,deboraperez@newnormallife.com,,,,,,,Disvideo,1
AitziberExposito,,Aitziber,Exposito,aitziberexposito@newnormallife.com,,,,,,,Disvideo,1
IkerRoman,,Iker,Roman,ikerroman@newnormallife.com,,,,,,,Disvideo,1
UrbanoTorralba,,Urbano,Torralba,urbanotorralba@newnormallife.com,,,,,,,Disvideo,1
EliseoValencia,,Eliseo,Valencia,eliseovalencia@newnormallife.com,,,,,,,Disvideo,1
HamzaTrillo,,Hamza,Trillo,hamzatrillo@newnormallife.com,,,,,,,Disvideo,1
DesireAlvarez,,Desire,Alvarez,desirealvarez@newnormallife.com,,,,,,,Disvideo,1
DulceLorenzo,,Dulce,Lorenzo,dulcelorenzo@newnormallife.com,,,,,,,Disvideo,1
MarlieKlein,,Marlie,Klein,marlieklein@newnormallife.com,,,,,,,Disvideo,1
KrishVazquez,,Krish,Vazquez,krishvazquez@newnormallife.com,,,,,,,Disvideo,1
TaraBravo,,Tara,Bravo,tarabravo@newnormallife.com,,,,,,,Disvideo,1